;;;;;;;;;;;;;;;;;;;;;;;;;;
II.1.1 - Indicadores de população por município, 2022 (continua);;;;;;;;;;;;;;;;;;;;;;;;;;
II.1.1 - Population indicators by municipality, 2022 (to be continued);;;;;;;;;;;;;;;;;;;;;;;;;;
;Densidade populacional ;Taxa de crescimento efetivo;Taxa de crescimento natural;Taxa de crescimento migratório;Taxa bruta de natalidade;Taxa bruta de mortalidade;Taxa bruta de nupcialidade;Taxa bruta de divórcio;Taxa de fecundidade geral;Taxa de fecundidade na adolescência;Índice sintético de fecundidade;Mulheres em idade fértil na população residente feminina;Nados-vivos fora do casamento;Proporção de casamentos católicos; ;;Desagregação Territorial;;;;;;Desagregação Territorial;;;
;N.º/km2;%;;;‰;;;;;;N.º;%;;;;NUTS_2013;NUTS I;NUTS II;NUTS III;Município;;NUTS_DTMN;NUTS I;NUTS II;NUTS III;Município
Portugal;  113,5;  0,44;-0,39;  0,83;  8,0;  11,9;  3,5;  1,8;  38,0;  6,2;  1,43;  40,2;  60,2;  26,7;;PT;;;;;;PT;x;;;
 Continente;  111,9;  0,45;-0,39;  0,84;  8,0;  11,9;  3,5;  1,7;  38,2;  6,1;  1,44;  40,0;  60,2;  26,7;;1;x;;;;;1;x;;;
  Norte;  170,6;  0,59;-0,35;  0,94;  7,3;  10,7;  3,6;  1,8;  34,3;  3,8;  1,28;  40,4;  54,6;  33,9;;11;;x;;;;11;;x;;
   Alto Minho;  104,7;  0,15;-0,74;  0,89;  6,7;  14,2;  3,5;  1,7;  34,7;  4,2;  1,34;  36,5;  57,4;  37,2;;111;;;x;;;111;;;x;
Arcos de Valdevez;  46,2;  0,00;-1,20;  1,20;  5,5;  17,5;  2,5;  1,9;  32,1;x;x;  31,6;  46,9;  15,4;;1111601;;;;x;;1111601;;;;x
Caminha;  118,0;  1,04;-0,71;  1,75;  6,1;  13,2;  4,0;  2,1;  32,1;x;x;  35,4;  57,7;  26,6;;1111602;;;;x;;1111602;;;;x
Melgaço;  31,9;-  1,18;-2,18;  1,01;  2,6;  24,5;  0,7;  1,7;  19,3;x;x;  24,7;  65,0;  40,0;;1111603;;;;x;;1111603;;;;x
Monção;  84,6;  0,11;-1,11;  1,22;  6,6;  17,7;  3,3;  1,4;  38,5;x;x;  31,8;  67,8;  35,6;;1111604;;;;x;;1111604;;;;x
Paredes de Coura;  62,7;-  0,17;-1,11;  0,93;  5,2;  16,3;  2,0;  1,7;  28,8;x;x;  34,9;  57,8;  47,1;;1111605;;;;x;;1111605;;;;x
Ponte da Barca;  60,9;  0,40;-0,80;  1,20;  7,8;  15,8;  3,4;  1,6;  41,4;x;x;  35,4;  50,0;  34,2;;1111606;;;;x;;1111606;;;;x
Ponte de Lima;  128,0;-  0,35;-0,64;  0,28;  7,0;  13,4;  3,9;  1,8;  33,6;x;x;  39,4;  46,3;  43,8;;1111607;;;;x;;1111607;;;;x
Valença;  118,7;  0,71;-0,69;  1,40;  7,5;  14,4;  2,2;  2,0;  36,6;x;x;  38,9;  62,5;  25,8;;1111608;;;;x;;1111608;;;;x
Viana do Castelo;  269,9;  0,11;-0,45;  0,56;  7,3;  11,8;  4,0;  1,7;  36,1;x;x;  38,2;  61,3;  42,6;;1111609;;;;x;;1111609;;;;x
Vila Nova de Cerveira;  84,6;  1,86;-0,72;  2,57;  6,6;  13,8;  5,3;  1,0;  34,0;x;x;  38,2;  68,3;  22,9;;1111610;;;;x;;1111610;;;;x
   Cávado;  339,8;  0,84;-0,08;  0,92;  8,0;  8,8;  3,9;  1,7;  35,3;  3,1;  1,32;  43,3;  48,2;  39,8;;112;;;x;;;112;;;x;
Amares;  234,2;  1,71;-0,26;  1,97;  6,5;  9,0;  4,2;  2,2;  29,4;x;x;  42,7;  46,3;  30,4;;1120301;;;;x;;1120301;;;;x
Barcelos;  307,5;-  0,13;-0,19;  0,06;  7,2;  9,1;  3,7;  1,7;  32,5;x;x;  42,5;  48,6;  44,7;;1120302;;;;x;;1120302;;;;x
Braga; 1 077,4;  1,18;0,07;  1,11;  8,5;  7,8;  4,0;  1,7;  36,7;x;x;  44,2;  47,6;  40,0;;1120303;;;;x;;1120303;;;;x
Esposende;  380,3;  1,52;0,05;  1,47;  9,4;  8,9;  3,4;  1,8;  41,8;x;x;  43,0;  51,2;  41,3;;1120306;;;;x;;1120306;;;;x
Terras de Bouro;  22,9;-  0,09;-1,12;  1,02;  5,5;  16,7;  3,5;  2,7;  29,6;x;x;  36,1;  51,4;  0,0;;1120310;;;;x;;1120310;;;;x
Vila Verde;  207,5;  1,07;-0,36;  1,43;  7,6;  11,1;  4,6;  1,6;  34,1;x;x;  42,6;  47,8;  36,0;;1120313;;;;x;;1120313;;;;x
   Ave;  289,3;  0,19;-0,15;  0,34;  7,7;  9,3;  2,9;  1,7;  35,8;  3,3;  1,35;  41,4;  50,8;  33,4;;119;;;x;;;119;;;x;
Cabeceiras de Basto;  64,0;-  0,31;-0,77;  0,46;  6,2;  13,9;  3,7;  1,0;  29,3;x;x;  41,0;  60,4;  38,6;;1190304;;;;x;;1190304;;;;x
Fafe;  220,5;-  0,13;-0,36;  0,23;  7,2;  10,8;  3,3;  1,9;  34,2;x;x;  40,0;  53,6;  47,2;;1190307;;;;x;;1190307;;;;x
Guimarães;  648,5;-  0,13;-0,07;-  0,07;  7,7;  8,4;  2,6;  1,7;  35,6;x;x;  41,5;  49,9;  16,4;;1190308;;;;x;;1190308;;;;x
Mondim de Basto;  37,2;-  0,36;-0,87;  0,51;  6,1;  14,8;  4,5;  1,7;  32,8;x;x;  35,8;  59,0;  35,7;;1191705;;;;x;;1191705;;;;x
Póvoa de Lanhoso;  165,6;  0,86;-0,43;  1,28;  7,4;  11,7;  2,1;  1,7;  35,0;x;x;  40,8;  45,1;  4,3;;1190309;;;;x;;1190309;;;;x
Vieira do Minho;  55,3;-  0,26;-0,85;  0,59;  5,6;  14,1;  4,3;  1,7;  30,6;x;x;  35,0;  52,2;  42,3;;1190311;;;;x;;1190311;;;;x
Vila Nova de Famalicão;  669,1;  0,59;-0,02;  0,62;  8,2;  8,4;  3,2;  1,7;  37,4;x;x;  42,2;  48,9;  47,7;;1190312;;;;x;;1190312;;;;x
Vizela;  982,1;  0,72;0,15;  0,57;  9,0;  7,5;  1,6;  1,6;  39,4;x;x;  44,1;  58,5;  5,3;;1190314;;;;x;;1190314;;;;x
   A. M. Porto;  869,1;  1,03;-0,28;  1,31;  7,5;  10,2;  3,8;  1,8;  34,5;  3,8;  1,27;  41,0;  57,1;  27,9;;11A;;;x;;;11A;;;x;
Arouca;  63,5;-  0,65;-0,46;-  0,20;  6,7;  11,3;  2,9;  1,2;  33,3;x;x;  38,8;  50,4;  56,7;;11A0104;;;;x;;11A0104;;;;x
Espinho; 1 508,9;  1,07;-0,64;  1,71;  7,1;  13,5;  7,6;  1,6;  38,2;x;x;  35,1;  58,4;  18,1;;11A0107;;;;x;;11A0107;;;;x
Gondomar; 1 265,2;  0,74;-0,30;  1,04;  7,2;  10,2;  2,0;  1,7;  33,2;x;x;  40,9;  64,6;  28,8;;11A1304;;;;x;;11A1304;;;;x
Maia; 1 688,3;  1,76;-0,09;  1,85;  7,6;  8,5;  3,5;  2,1;  33,6;x;x;  42,9;  56,0;  17,1;;11A1306;;;;x;;11A1306;;;;x
Matosinhos; 2 829,5;  1,12;-0,31;  1,43;  7,2;  10,2;  2,6;  1,8;  33,8;x;x;  39,9;  58,7;  25,3;;11A1308;;;;x;;11A1308;;;;x
Oliveira de Azeméis;  414,8;  0,30;-0,34;  0,65;  7,0;  10,4;  2,6;  1,5;  34,0;x;x;  39,5;  52,3;  42,7;;11A0113;;;;x;;11A0113;;;;x
Paredes;  544,4;  0,43;-0,04;  0,48;  7,7;  8,2;  3,0;  2,0;  32,8;x;x;  45,2;  53,7;  46,1;;11A1310;;;;x;;11A1310;;;;x
Porto; 5 808,6;  1,93;-0,49;  2,41;  8,1;  12,9;  5,8;  1,8;  38,0;x;x;  39,5;  57,6;  21,0;;11A1312;;;;x;;11A1312;;;;x
Póvoa de Varzim;  803,3;  1,41;-0,21;  1,62;  7,9;  10,1;  5,0;  2,0;  35,7;x;x;  42,1;  49,3;  15,8;;11A1313;;;;x;;11A1313;;;;x
Santa Maria da Feira;  640,8;  0,71;-0,15;  0,86;  7,7;  9,2;  3,2;  1,9;  36,2;x;x;  40,9;  53,2;  45,8;;11A0109;;;;x;;11A0109;;;;x
Santo Tirso;  495,2;-  0,05;-0,48;  0,44;  6,2;  11,1;  3,6;  1,7;  30,8;x;x;  38,5;  58,1;  36,0;;11A1314;;;;x;;11A1314;;;;x
São João da Madeira; 2 932,0;  2,13;-0,40;  2,53;  6,3;  10,3;  6,7;  2,1;  29,4;x;x;  40,8;  58,9;  22,7;;11A0116;;;;x;;11A0116;;;;x
Trofa;  548,1;  1,18;-0,17;  1,35;  6,8;  8,5;  3,1;  1,9;  30,4;x;x;  42,7;  51,3;  53,3;;11A1318;;;;x;;11A1318;;;;x
Vale de Cambra;  144,0;-  0,35;-0,77;  0,41;  5,9;  13,6;  4,4;  1,9;  31,8;x;x;  35,9;  53,2;  36,6;;11A0119;;;;x;;11A0119;;;;x
Valongo; 1 307,7;  1,62;-0,15;  1,77;  7,3;  8,8;  5,5;  1,9;  31,6;x;x;  43,9;  60,6;  28,2;;11A1315;;;;x;;11A1315;;;;x
Vila do Conde;  559,3;  1,53;-0,10;  1,63;  7,8;  8,8;  5,3;  2,4;  35,6;x;x;  42,2;  52,7;  25,9;;11A1316;;;;x;;11A1316;;;;x
Vila Nova de Gaia; 1 825,7;  0,54;-0,27;  0,81;  7,6;  10,3;  3,1;  1,7;  35,2;x;x;  41,1;  59,1;  28,1;;11A1317;;;;x;;11A1317;;;;x
   Alto Tâmega;  28,6;-  0,40;-1,25;  0,84;  4,8;  17,3;  3,2;  1,8;  30,0;  5,3;  1,17;  30,8;  68,9;  33,6;;11B;;;x;;;11B;;;x;
Boticas;  15,2;-  0,71;-1,14;  0,43;  6,5;  17,9;  2,0;  0,8;  40,7;x;x;  30,4;  71,9;  40,0;;11B1702;;;;x;;11B1702;;;;x
Chaves;  63,1;-  0,32;-1,01;  0,69;  5,2;  15,3;  4,4;  2,1;  30,3;x;x;  32,6;  67,5;  26,1;;11B1703;;;;x;;11B1703;;;;x
Montalegre;  11,3;-  0,76;-1,64;  0,87;  4,3;  20,6;  0,7;  2,0;  29,9;x;x;  27,6;  66,7;  83,3;;11B1706;;;;x;;11B1706;;;;x
Ribeira de Pena;  26,8;-  0,60;-1,42;  0,82;  5,8;  20,0;  3,3;  1,0;  34,7;x;x;  33,3;  64,7;  26,3;;11B1709;;;;x;;11B1709;;;;x
Valpaços;  26,5;-  0,24;-1,40;  1,16;  4,2;  18,2;  2,7;  1,3;  29,1;x;x;  27,2;  72,1;  40,0;;11B1712;;;;x;;11B1712;;;;x
Vila Pouca de Aguiar;  26,9;-  0,37;-1,46;  1,10;  3,8;  18,4;  2,4;  1,7;  23,6;x;x;  31,0;  73,3;  60,7;;11B1713;;;;x;;11B1713;;;;x
   Tâmega e Sousa;  222,8;-  0,13;-0,25;  0,11;  7,2;  9,7;  3,8;  1,7;  32,7;  2,9;  1,24;  42,6;  46,9;  47,9;;11C;;;x;;;11C;;;x;
Amarante;  172,7;-  0,05;-0,38;  0,33;  6,9;  10,7;  4,0;  2,0;  32,7;x;x;  39,9;  50,1;  49,8;;11C1301;;;;x;;11C1301;;;;x
Baião;  98,9;-  1,03;-0,86;-  0,17;  4,3;  12,9;  3,1;  1,1;  20,8;x;x;  39,1;  50,0;  51,9;;11C1302;;;;x;;11C1302;;;;x
Castelo de Paiva;  133,8;-  0,39;-0,36;-  0,03;  6,3;  9,9;  2,2;  0,8;  29,6;x;x;  41,0;  50,5;  41,2;;11C0106;;;;x;;11C0106;;;;x
Celorico de Basto;  97,0;-  0,35;-0,72;  0,36;  5,8;  13,0;  2,5;  1,5;  28,8;x;x;  38,6;  44,1;  47,7;;11C0305;;;;x;;11C0305;;;;x
Cinfães;  73,4;-  0,81;-0,75;-  0,06;  5,4;  12,9;  2,8;  1,2;  27,9;x;x;  37,4;  57,9;  50,0;;11C1804;;;;x;;11C1804;;;;x
Felgueiras;  478,6;-  0,47;-0,05;-  0,42;  7,6;  8,1;  3,1;  1,5;  33,9;x;x;  43,2;  44,4;  52,9;;11C1303;;;;x;;11C1303;;;;x
Lousada;  498,4;  0,55;0,02;  0,53;  8,5;  8,3;  3,6;  1,6;  35,4;x;x;  46,1;  47,4;  62,4;;11C1305;;;;x;;11C1305;;;;x
Marco de Canaveses;  244,6;-  0,32;-0,32;  0,00;  6,8;  10,0;  4,8;  2,5;  29,9;x;x;  43,5;  42,6;  42,1;;11C1307;;;;x;;11C1307;;;;x
Paços de Ferreira;  786,8;  0,20;-0,02;  0,23;  8,0;  8,3;  4,1;  2,0;  35,2;x;x;  44,9;  48,6;  41,3;;11C1309;;;;x;;11C1309;;;;x
Penafiel;  329,5;  0,11;-0,12;  0,22;  7,9;  9,0;  4,5;  1,6;  34,4;x;x;  43,7;  43,7;  44,8;;11C1311;;;;x;;11C1311;;;;x
Resende;  79,9;-  1,11;-0,72;-  0,39;  6,9;  14,0;  3,7;  1,2;  35,6;x;x;  37,4;  60,3;  50,0;;11C1813;;;;x;;11C1813;;;;x
   Douro;  45,5;-  0,22;-0,90;  0,67;  5,8;  14,8;  3,1;  1,6;  31,5;  5,1;  1,23;  35,2;  58,7;  42,9;;11D;;;x;;;11D;;;x;
Alijó;  34,7;-  0,98;-1,18;  0,20;  5,4;  17,2;  2,3;  1,0;  33,4;x;x;  31,7;  69,6;  33,3;;11D1701;;;;x;;11D1701;;;;x
Armamar;  48,6;-  0,60;-1,49;  0,89;  4,6;  19,4;  3,2;  1,6;  25,8;x;x;  33,4;  42,3;  33,3;;11D1801;;;;x;;11D1801;;;;x
Carrazeda de Ansiães;  19,3;-  0,59;-1,29;  0,70;  4,6;  17,6;  3,5;  0,7;  30,7;x;x;  29,0;  68,0;  15,8;;11D0403;;;;x;;11D0403;;;;x
Freixo de Espada à Cinta;  13,0;-  1,69;-2,22;  0,53;  6,3;  28,5;  2,2;  0,9;  38,5;x;x;  31,3;  85,0;  28,6;;11D0404;;;;x;;11D0404;;;;x
Lamego;  145,9;-  0,41;-0,86;  0,45;  5,3;  13,9;  3,6;  1,9;  28,2;x;x;  35,6;  50,0;  63,1;;11D1805;;;;x;;11D1805;;;;x
Mesão Frio;  131,9;-  0,65;-1,11;  0,45;  4,8;  15,9;  6,8;  2,3;  24,3;x;x;  37,5;  58,8;  13,0;;11D1704;;;;x;;11D1704;;;;x
Moimenta da Beira;  43,6;  0,93;-0,66;  1,59;  7,0;  13,6;  2,8;  2,1;  38,5;x;x;  34,8;  58,2;  51,9;;11D1807;;;;x;;11D1807;;;;x
Murça;  27,5;-  0,42;-1,45;  1,03;  3,1;  17,6;  2,9;  1,5;  19,2;x;x;  31,0;  56,3;  46,7;;11D1707;;;;x;;11D1707;;;;x
Penedono;  20,8;-  0,32;-1,33;  1,00;  5,4;  18,6;  5,0;  1,8;  30,4;x;x;  34,0;  53,3;  28,6;;11D1812;;;;x;;11D1812;;;;x
Peso da Régua;  151,8;-  0,64;-0,70;  0,06;  5,9;  12,9;  3,9;  2,1;  30,6;x;x;  35,9;  60,0;  31,6;;11D1708;;;;x;;11D1708;;;;x
Sabrosa;  35,6;  0,29;-0,97;  1,26;  6,1;  15,8;  1,4;  1,3;  34,0;x;x;  34,7;  58,8;  50,0;;11D1710;;;;x;;11D1710;;;;x
Santa Marta de Penaguião;  86,5;-  0,81;-1,18;  0,37;  4,2;  16,0;  2,5;  0,7;  24,4;x;x;  32,5;  52,0;  53,3;;11D1711;;;;x;;11D1711;;;;x
São João da Pesqueira;  25,5;-  0,57;-0,85;  0,28;  6,0;  14,6;  2,4;  1,6;  32,7;x;x;  36,2;  63,4;  31,3;;11D1815;;;;x;;11D1815;;;;x
Sernancelhe;  25,1;  0,63;-1,07;  1,70;  4,2;  14,9;  3,8;  0,9;  24,7;x;x;  33,2;  62,5;  59,1;;11D1818;;;;x;;11D1818;;;;x
Tabuaço;  37,4;-  0,62;-1,11;  0,50;  6,0;  17,1;  3,8;  1,4;  33,7;x;x;  33,7;  70,0;  31,6;;11D1819;;;;x;;11D1819;;;;x
Tarouca;  74,6;  1,10;-0,66;  1,77;  5,0;  11,6;  2,0;  2,0;  25,1;x;x;  38,2;  64,9;  53,3;;11D1820;;;;x;;11D1820;;;;x
Torre de Moncorvo;  12,7;-  0,67;-1,57;  0,90;  5,5;  21,2;  2,8;  1,2;  39,5;x;x;  26,7;  75,7;  21,1;;11D0409;;;;x;;11D0409;;;;x
Vila Nova de Foz Côa;  15,8;-  0,25;-1,53;  1,27;  5,1;  20,3;  2,1;  1,4;  33,2;x;x;  29,6;  75,0;  38,5;;11D0914;;;;x;;11D0914;;;;x
Vila Real;  131,0;  0,02;-0,45;  0,47;  7,1;  11,6;  3,0;  1,9;  34,3;x;x;  39,0;  54,2;  47,7;;11D1714;;;;x;;11D1714;;;;x
   Terras de Trás-os-Montes;  19,3;-  0,10;-1,07;  0,97;  5,7;  16,4;  2,6;  1,4;  33,3;  9,0;  1,26;  33,2;  69,4;  38,1;;11E;;;x;;;11E;;;x;
Alfândega da Fé;  13,1;-  1,04;-1,41;  0,38;  6,6;  20,7;  1,2;  1,2;  42,6;x;x;  30,5;  75,0;  20,0;;11E0401;;;;x;;11E0401;;;;x
Bragança;  29,8;  0,69;-0,66;  1,35;  7,0;  13,6;  3,0;  1,5;  35,1;x;x;  38,2;  72,5;  36,5;;11E0402;;;;x;;11E0402;;;;x
Macedo de Cavaleiros;  20,2;-  0,12;-1,22;  1,10;  5,4;  17,6;  3,6;  1,8;  31,9;x;x;  32,1;  65,8;  33,3;;11E0405;;;;x;;11E0405;;;;x
Miranda do Douro;  13,0;-  0,97;-1,26;  0,28;  3,8;  16,3;  1,7;  0,5;  24,9;x;x;  29,5;  62,5;  54,5;;11E0406;;;;x;;11E0406;;;;x
Mirandela;  32,3;-  0,18;-1,03;  0,85;  5,4;  15,7;  2,3;  1,3;  30,3;x;x;  33,7;  65,2;  38,8;;11E0407;;;;x;;11E0407;;;;x
Mogadouro;  10,8;-  0,57;-0,98;  0,41;  4,7;  14,5;  2,8;  1,9;  32,2;x;x;  28,4;  56,4;  56,5;;11E0408;;;;x;;11E0408;;;;x
Vila Flor;  22,7;-  0,48;-1,41;  0,93;  5,6;  19,7;  2,6;  1,3;  34,3;x;x;  32,2;  76,5;  31,3;;11E0410;;;;x;;11E0410;;;;x
Vimioso;  8,6;  0,12;-1,79;  1,91;  4,8;  22,7;  1,4;  1,2;  36,0;x;x;  26,9;  70,0;  0,0;;11E0411;;;;x;;11E0411;;;;x
Vinhais;  10,8;-  1,47;-1,86;  0,40;  4,5;  23,1;  1,1;  1,2;  36,2;x;x;  24,8;  76,5;  62,5;;11E0412;;;;x;;11E0412;;;;x
  Centro;  80,0;  0,17;-0,68;  0,85;  7,0;  13,7;  3,4;  1,7;  35,5;  5,8;  1,37;  37,5;  60,9;  32,0;;16;;x;;;;16;;x;;
   Oeste;  169,8;  1,23;-0,46;  1,69;  8,0;  12,6;  4,4;  1,7;  38,7;  6,3;  1,50;  39,9;  65,4;  25,7;;16B;;;x;;;16B;;;x;
Alcobaça;  137,3;  0,53;-0,50;  1,03;  7,8;  12,8;  3,6;  1,8;  40,1;x;x;  37,6;  65,2;  33,7;;16B1001;;;;x;;16B1001;;;;x
Alenquer;  153,6;  1,82;-0,15;  1,97;  8,5;  10,0;  4,6;  1,8;  37,9;x;x;  43,5;  60,7;  17,6;;16B1101;;;;x;;16B1101;;;;x
Arruda dos Vinhos;  190,5;  2,90;-0,20;  3,10;  8,9;  10,9;  5,5;  1,8;  39,6;x;x;  44,0;  68,5;  22,8;;16B1102;;;;x;;16B1102;;;;x
Bombarral;  147,8;  1,94;-0,65;  2,59;  7,4;  13,9;  4,6;  2,2;  37,5;x;x;  38,1;  62,6;  0,0;;16B1005;;;;x;;16B1005;;;;x
Cadaval;  80,2;  1,32;-1,23;  2,56;  6,2;  18,6;  4,6;  1,1;  32,9;x;x;  36,8;  72,4;  28,1;;16B1104;;;;x;;16B1104;;;;x
Caldas da Rainha;  204,9;  0,81;-0,64;  1,45;  7,2;  13,6;  3,0;  1,5;  35,4;x;x;  38,6;  64,9;  22,9;;16B1006;;;;x;;16B1006;;;;x
Lourinhã;  186,3;  1,60;-0,53;  2,13;  8,1;  13,3;  3,6;  1,5;  38,9;x;x;  40,5;  68,2;  31,3;;16B1108;;;;x;;16B1108;;;;x
Nazaré;  183,4;  0,42;-0,70;  1,11;  7,3;  14,3;  10,3;  1,7;  37,9;x;x;  37,0;  66,4;  13,4;;16B1011;;;;x;;16B1011;;;;x
Óbidos;  90,3;  2,91;-0,48;  3,38;  7,9;  12,7;  5,0;  2,3;  42,1;x;x;  37,1;  73,0;  29,0;;16B1012;;;;x;;16B1012;;;;x
Peniche;  346,2;  0,40;-0,45;  0,85;  9,0;  13,4;  4,3;  2,5;  45,7;x;x;  37,7;  75,0;  29,5;;16B1014;;;;x;;16B1014;;;;x
Sobral de Monte Agraço;  219,8;  2,88;-0,31;  3,19;  8,2;  11,3;  8,4;  0,6;  35,6;x;x;  44,3;  65,2;  39,4;;16B1112;;;;x;;16B1112;;;;x
Torres Vedras;  210,7;  1,02;-0,35;  1,37;  8,4;  11,9;  3,9;  1,7;  39,2;x;x;  41,4;  62,1;  30,3;;16B1113;;;;x;;16B1113;;;;x
   Região de Aveiro;  221,9;  0,62;-0,37;  0,99;  7,5;  11,2;  3,4;  1,9;  35,8;  6,6;  1,34;  40,2;  59,6;  28,6;;16D;;;x;;;16D;;;x;
Águeda;  138,7;  0,00;-0,42;  0,42;  7,5;  11,7;  2,8;  1,6;  37,6;x;x;  38,3;  61,7;  32,3;;16D0101;;;;x;;16D0101;;;;x
Albergaria-a-Velha;  158,9;  0,16;-0,48;  0,64;  6,8;  11,6;  3,0;  2,1;  32,8;x;x;  40,6;  62,8;  29,3;;16D0102;;;;x;;16D0102;;;;x
Anadia;  128,4;-  0,19;-0,85;  0,65;  6,5;  15,0;  2,6;  1,1;  35,7;x;x;  35,0;  62,6;  38,6;;16D0103;;;;x;;16D0103;;;;x
Aveiro;  422,7;  1,11;-0,14;  1,24;  7,9;  9,2;  3,9;  1,9;  35,2;x;x;  42,6;  57,6;  20,0;;16D0105;;;;x;;16D0105;;;;x
Estarreja;  246,2;  0,38;-0,52;  0,89;  7,6;  12,8;  3,3;  1,6;  38,7;x;x;  38,2;  56,9;  39,5;;16D0108;;;;x;;16D0108;;;;x
Ílhavo;  555,4;  1,43;-0,25;  1,68;  7,9;  10,4;  2,6;  2,0;  36,9;x;x;  41,0;  56,8;  24,5;;16D0110;;;;x;;16D0110;;;;x
Murtosa;  146,5;  0,35;-0,72;  1,07;  6,3;  13,5;  6,5;  2,2;  30,6;x;x;  39,8;  59,7;  27,9;;16D0112;;;;x;;16D0112;;;;x
Oliveira do Bairro;  276,5;  1,56;-0,41;  1,97;  7,3;  11,4;  4,1;  2,2;  33,1;x;x;  42,3;  62,3;  36,7;;16D0114;;;;x;;16D0114;;;;x
Ovar;  377,4;  0,29;-0,24;  0,52;  7,5;  9,9;  2,6;  2,3;  35,3;x;x;  40,8;  64,0;  19,9;;16D0115;;;;x;;16D0115;;;;x
Sever do Vouga;  84,0;-  0,98;-0,85;-  0,13;  6,5;  15,0;  1,6;  1,6;  36,1;x;x;  34,6;  54,9;  33,3;;16D0117;;;;x;;16D0117;;;;x
Vagos;  143,6;  1,21;-0,33;  1,54;  8,3;  11,6;  5,9;  1,7;  39,7;x;x;  40,2;  54,4;  39,0;;16D0118;;;;x;;16D0118;;;;x
   Região de Coimbra;  101,5;-  0,03;-0,70;  0,67;  6,7;  13,7;  3,2;  1,7;  34,6;  4,2;  1,33;  36,8;  59,0;  32,8;;16E;;;x;;;16E;;;x;
Arganil;  33,4;-  0,34;-1,25;  0,91;  6,0;  18,5;  4,2;  1,3;  36,1;x;x;  31,7;  67,2;  23,4;;16E0601;;;;x;;16E0601;;;;x
Cantanhede;  87,9;-  0,06;-0,79;  0,73;  7,3;  15,2;  4,4;  1,6;  39,1;x;x;  35,2;  56,0;  27,2;;16E0602;;;;x;;16E0602;;;;x
Coimbra;  445,4;  0,26;-0,42;  0,67;  7,3;  11,5;  3,3;  1,8;  35,3;x;x;  38,8;  55,4;  35,9;;16E0603;;;;x;;16E0603;;;;x
Condeixa-a-Nova;  123,8;  1,00;-0,36;  1,36;  7,4;  11,1;  2,6;  2,0;  34,7;x;x;  40,4;  54,3;  42,2;;16E0604;;;;x;;16E0604;;;;x
Figueira da Foz;  156,6;-  0,09;-0,77;  0,67;  6,5;  14,1;  3,7;  1,9;  34,3;x;x;  35,7;  65,9;  16,3;;16E0605;;;;x;;16E0605;;;;x
Góis;  14,3;-  0,50;-1,75;  1,25;  4,0;  21,5;  2,7;  0,3;  25,4;x;x;  29,7;  73,3;  20,0;;16E0606;;;;x;;16E0606;;;;x
Lousã;  124,2;  0,15;-0,43;  0,58;  6,3;  10,7;  0,9;  2,6;  29,5;x;x;  41,5;  63,3;  26,7;;16E0607;;;;x;;16E0607;;;;x
Mealhada;  176,8;  0,12;-0,62;  0,75;  6,2;  12,4;  2,9;  1,8;  31,3;x;x;  37,8;  58,7;  32,1;;16E0111;;;;x;;16E0111;;;;x
Mira;  98,8;  0,07;-0,70;  0,78;  7,3;  14,4;  3,3;  1,6;  40,7;x;x;  34,4;  57,8;  46,2;;16E0608;;;;x;;16E0608;;;;x
Miranda do Corvo;  95,1;-  0,41;-0,98;  0,57;  6,1;  15,9;  3,0;  1,5;  32,9;x;x;  35,8;  71,6;  50,0;;16E0609;;;;x;;16E0609;;;;x
Montemor-o-Velho;  107,9;-  0,09;-0,68;  0,58;  7,0;  13,8;  4,1;  1,5;  35,9;x;x;  37,8;  53,4;  44,4;;16E0610;;;;x;;16E0610;;;;x
Mortágua;  35,5;-  0,99;-1,04;  0,04;  6,4;  16,7;  3,0;  1,2;  39,6;x;x;  30,8;  66,7;  23,1;;16E1808;;;;x;;16E1808;;;;x
Oliveira do Hospital;  82,3;-  0,88;-0,94;  0,06;  6,8;  16,2;  1,9;  2,1;  36,7;x;x;  35,4;  66,7;  47,2;;16E0611;;;;x;;16E0611;;;;x
Pampilhosa da Serra;  10,2;-  0,59;-2,07;  1,48;  4,2;  24,9;  2,5;  0,7;  32,4;x;x;  24,9;  64,7;  30,0;;16E0612;;;;x;;16E0612;;;;x
Penacova;  59,3;-  1,24;-1,20;-  0,04;  4,5;  16,5;  3,0;  1,5;  25,5;x;x;  33,2;  62,1;  48,7;;16E0613;;;;x;;16E0613;;;;x
Penela;  41,0;  0,42;-0,89;  1,31;  7,4;  16,3;  8,2;  1,3;  42,6;x;x;  33,8;  58,5;  31,8;;16E0614;;;;x;;16E0614;;;;x
Soure;  64,6;-  0,92;-1,26;  0,34;  5,2;  17,8;  2,2;  1,1;  30,0;x;x;  32,9;  56,7;  35,1;;16E0615;;;;x;;16E0615;;;;x
Tábua;  57,0;  0,35;-0,74;  1,09;  5,5;  12,9;  2,0;  1,2;  29,3;x;x;  36,0;  65,1;  27,3;;16E0616;;;;x;;16E0616;;;;x
Vila Nova de Poiares;  83,2;  0,40;-0,74;  1,14;  7,4;  14,8;  4,3;  1,4;  35,8;x;x;  39,2;  50,0;  41,4;;16E0617;;;;x;;16E0617;;;;x
   Região de Leiria;  118,6;  0,16;-0,47;  0,62;  7,4;  12,1;  3,2;  1,8;  36,6;  6,4;  1,40;  39,0;  60,4;  34,8;;16F;;;x;;;16F;;;x;
Alvaiázere;  39,1;-  0,46;-1,54;  1,08;  3,7;  19,1;  4,1;  1,3;  23,7;x;x;  28,8;  73,9;  69,2;;16F1002;;;;x;;16F1002;;;;x
Ansião;  66,4;-  0,22;-0,91;  0,68;  5,8;  14,9;  2,5;  1,5;  32,8;x;x;  34,0;  66,2;  51,7;;16F1003;;;;x;;16F1003;;;;x
Batalha;  154,6;  0,98;-0,35;  1,33;  7,2;  10,7;  5,0;  1,3;  34,1;x;x;  40,9;  59,6;  33,3;;16F1004;;;;x;;16F1004;;;;x
Castanheira de Pêra;  40,1;-  0,56;-1,75;  1,19;  2,2;  19,7;  2,6;  0,7;  14,9;x;x;  28,8;  83,3;  28,6;;16F1007;;;;x;;16F1007;;;;x
Figueiró dos Vinhos;  30,0;-  1,05;-1,91;  0,86;  4,4;  23,5;  1,9;  1,1;  28,2;x;x;  29,9;  43,5;  30,0;;16F1008;;;;x;;16F1008;;;;x
Leiria;  231,1;  0,39;-0,14;  0,53;  8,5;  9,9;  3,3;  2,1;  39,9;x;x;  41,1;  56,6;  34,9;;16F1009;;;;x;;16F1009;;;;x
Marinha Grande;  212,7;  0,47;-0,42;  0,90;  7,5;  11,8;  3,1;  1,7;  35,6;x;x;  40,9;  63,9;  19,4;;16F1010;;;;x;;16F1010;;;;x
Pedrógão Grande;  27,3;  0,40;-1,68;  2,08;  4,3;  21,1;  3,1;  1,1;  26,1;x;x;  32,1;  66,7;  36,4;;16F1013;;;;x;;16F1013;;;;x
Pombal;  81,7;-  0,60;-0,75;  0,15;  6,8;  14,3;  3,1;  1,8;  35,6;x;x;  36,2;  66,3;  37,7;;16F1015;;;;x;;16F1015;;;;x
Porto de Mós;  89,9;  0,06;-0,66;  0,73;  6,3;  12,9;  2,8;  1,6;  31,4;x;x;  38,9;  64,9;  38,5;;16F1016;;;;x;;16F1016;;;;x
   Viseu Dão Lafões;  78,2;-  0,40;-0,80;  0,40;  6,4;  14,5;  3,3;  1,8;  33,0;  5,2;  1,30;  37,0;  56,3;  36,9;;16G;;;x;;;16G;;;x;
Aguiar da Beira;  25,5;-  0,66;-1,93;  1,26;  5,3;  24,5;  5,5;  1,5;  33,4;x;x;  30,1;  60,7;  72,4;;16G0901;;;;x;;16G0901;;;;x
Carregal do Sal;  77,6;-  0,14;-0,50;  0,35;  6,6;  11,6;  2,9;  1,1;  36,3;x;x;  34,3;  63,3;  19,2;;16G1802;;;;x;;16G1802;;;;x
Castro Daire;  35,9;-  0,65;-1,17;  0,53;  4,4;  16,1;  3,2;  2,4;  25,4;x;x;  33,2;  56,7;  39,5;;16G1803;;;;x;;16G1803;;;;x
Mangualde;  83,5;-  0,34;-0,90;  0,56;  6,6;  15,6;  4,7;  2,0;  35,6;x;x;  35,6;  62,8;  44,8;;16G1806;;;;x;;16G1806;;;;x
Nelas;  104,6;-  0,50;-0,91;  0,41;  6,0;  15,1;  3,6;  2,0;  32,2;x;x;  35,4;  58,2;  31,9;;16G1809;;;;x;;16G1809;;;;x
Oliveira de Frades;  66,2;-  0,45;-0,73;  0,28;  7,4;  14,6;  6,2;  1,2;  36,5;x;x;  38,8;  60,6;  41,7;;16G1810;;;;x;;16G1810;;;;x
Penalva do Castelo;  54,0;-  0,99;-1,49;  0,51;  4,4;  19,3;  4,7;  1,5;  25,8;x;x;  32,8;  59,4;  73,5;;16G1811;;;;x;;16G1811;;;;x
Santa Comba Dão;  96,3;-  0,04;-1,09;  1,06;  5,6;  16,5;  4,7;  1,9;  30,8;x;x;  34,5;  73,3;  20,0;;16G1814;;;;x;;16G1814;;;;x
São Pedro do Sul;  43,1;-  1,01;-1,20;  0,19;  4,6;  16,6;  2,8;  1,6;  26,7;x;x;  32,9;  42,9;  21,4;;16G1816;;;;x;;16G1816;;;;x
Sátão;  54,6;-  0,06;-0,81;  0,74;  7,0;  15,1;  2,1;  1,3;  38,2;x;x;  34,8;  49,4;  8,7;;16G1817;;;;x;;16G1817;;;;x
Tondela;  69,0;-  1,05;-1,11;  0,06;  6,4;  17,5;  1,9;  1,4;  36,0;x;x;  33,9;  55,4;  26,5;;16G1821;;;;x;;16G1821;;;;x
Vila Nova de Paiva;  26,7;  0,00;-1,13;  1,13;  4,7;  16,0;  2,6;  1,5;  26,2;x;x;  34,8;  63,6;  25,0;;16G1822;;;;x;;16G1822;;;;x
Viseu;  197,4;-  0,13;-0,43;  0,30;  7,3;  11,7;  3,0;  2,1;  33,8;x;x;  40,9;  55,1;  37,4;;16G1823;;;;x;;16G1823;;;;x
Vouzela;  49,8;-  0,71;-1,11;  0,39;  5,4;  16,4;  3,1;  1,6;  29,1;x;x;  35,0;  46,2;  36,7;;16G1824;;;;x;;16G1824;;;;x
   Beira Baixa;  17,5;-  0,40;-1,16;  0,76;  6,6;  18,2;  3,0;  1,4;  38,8;  11,5;  1,50;  32,7;  64,9;  31,9;;16H;;;x;;;16H;;;x;
Castelo Branco;  36,4;-  0,20;-0,76;  0,56;  7,6;  15,1;  3,5;  1,6;  39,7;x;x;  36,0;  63,1;  26,1;;16H0502;;;;x;;16H0502;;;;x
Idanha-a-Nova;  5,9;-  0,86;-2,09;  1,23;  4,7;  25,6;  3,0;  1,2;  33,9;x;x;  26,7;  69,2;  45,8;;16H0505;;;;x;;16H0505;;;;x
Oleiros;  10,3;-  1,26;-2,08;  0,82;  5,1;  25,9;  2,4;  0,4;  39,5;x;x;  24,8;  60,0;  50,0;;16H0506;;;;x;;16H0506;;;;x
Penamacor;  8,4;-  1,07;-2,03;  0,96;  5,2;  25,6;  0,4;  0,6;  42,4;x;x;  24,8;  80,0;  50,0;;16H0507;;;;x;;16H0507;;;;x
Proença-a-Nova;  17,9;-  0,79;-1,55;  0,76;  4,8;  20,3;  2,5;  1,5;  33,3;x;x;  28,0;  67,6;  50,0;;16H0508;;;;x;;16H0508;;;;x
Vila Velha de Ródão;  10,5;  0,73;-1,68;  2,41;  5,5;  22,4;  0,6;  0,6;  39,5;x;x;  27,4;  73,7;  100,0;;16H0511;;;;x;;16H0511;;;;x
   Médio Tejo;  69,1;  0,00;-0,94;  0,94;  6,3;  15,7;  3,2;  1,6;  34,1;  4,5;  1,32;  35,4;  61,4;  34,4;;16I;;;x;;;16I;;;x;
Abrantes;  47,3;-  1,11;-1,30;  0,19;  5,8;  18,8;  2,5;  1,7;  33,7;x;x;  33,0;  71,9;  21,4;;16I1401;;;;x;;16I1401;;;;x
Alcanena;  98,5;-  0,06;-0,81;  0,76;  6,1;  14,3;  3,0;  1,8;  33,6;x;x;  35,2;  64,9;  42,1;;16I1402;;;;x;;16I1402;;;;x
Constância;  48,2;  1,30;-0,68;  1,98;  6,2;  13,0;  6,2;  1,8;  30,2;x;x;  39,3;  70,8;  16,7;;16I1408;;;;x;;16I1408;;;;x
Entroncamento; 1 550,9;  1,93;-0,39;  2,32;  7,0;  10,9;  1,4;  1,9;  32,2;x;x;  41,2;  55,4;  10,0;;16I1410;;;;x;;16I1410;;;;x
Ferreira do Zêzere;  41,3;-  0,17;-1,26;  1,09;  6,0;  18,6;  3,3;  2,5;  34,2;x;x;  33,5;  48,9;  38,5;;16I1411;;;;x;;16I1411;;;;x
Mação;  15,9;-  1,11;-2,23;  1,12;  3,4;  25,7;  2,0;  0,8;  25,1;x;x;  26,4;  72,7;  61,5;;16I1413;;;;x;;16I1413;;;;x
Ourém;  108,8;  0,17;-0,68;  0,85;  7,0;  13,9;  4,6;  1,6;  35,5;x;x;  37,5;  53,9;  40,3;;16I1421;;;;x;;16I1421;;;;x
Sardoal;  38,6;  0,17;-1,38;  1,55;  4,8;  18,6;  4,8;  1,1;  27,7;x;x;  33,9;  64,7;  47,1;;16I1417;;;;x;;16I1417;;;;x
Sertã;  33,1;-  0,42;-0,93;  0,51;  6,0;  15,3;  3,7;  1,4;  34,6;x;x;  33,5;  57,3;  36,4;;16I0509;;;;x;;16I0509;;;;x
Tomar;  103,5;-  0,56;-1,12;  0,55;  5,9;  17,1;  2,1;  1,4;  33,5;x;x;  33,2;  67,4;  19,2;;16I1418;;;;x;;16I1418;;;;x
Torres Novas;  127,1;-  0,03;-0,84;  0,81;  6,5;  14,9;  2,6;  1,8;  34,5;x;x;  35,9;  60,8;  43,8;;16I1419;;;;x;;16I1419;;;;x
Vila de Rei;  17,7;  0,21;-1,68;  1,89;  7,7;  24,5;  2,4;  0,6;  46,7;x;x;  31,6;  46,2;  62,5;;16I0510;;;;x;;16I0510;;;;x
Vila Nova da Barquinha;  151,2;  2,67;-0,43;  3,10;  7,6;  11,9;  10,1;  1,5;  38,0;x;x;  38,1;  71,4;  35,1;;16I1420;;;;x;;16I1420;;;;x
   Beiras e Serra da Estrela;  33,0;-  1,01;-1,24;  0,22;  5,5;  17,9;  2,6;  1,4;  32,2;  5,9;  1,26;  32,5;  62,5;  40,6;;16J;;;x;;;16J;;;x;
Almeida;  11,0;-  1,62;-2,32;  0,70;  3,5;  26,7;  0,5;  0,3;  27,9;x;x;  23,6;  80,0;  33,3;;16J0902;;;;x;;16J0902;;;;x
Belmonte;  52,0;-  0,48;-0,92;  0,44;  7,8;  17,0;  1,8;  1,3;  45,0;x;x;  33,4;  62,5;  45,5;;16J0501;;;;x;;16J0501;;;;x
Celorico da Beira;  26,4;-  0,60;-0,99;  0,40;  6,0;  15,9;  2,0;  1,2;  36,6;x;x;  31,0;  79,5;  23,1;;16J0903;;;;x;;16J0903;;;;x
Covilhã;  82,8;-  0,80;-0,93;  0,13;  6,3;  15,6;  2,6;  1,6;  34,6;x;x;  34,8;  66,1;  25,6;;16J0503;;;;x;;16J0503;;;;x
Figueira de Castelo Rodrigo;  9,9;-  0,61;-1,36;  0,75;  6,5;  20,1;  2,2;  0,4;  42,3;x;x;  29,7;  63,6;  27,3;;16J0904;;;;x;;16J0904;;;;x
Fornos de Algodres;  33,2;-  1,32;-1,75;  0,43;  4,8;  22,3;  2,7;  0,9;  29,4;x;x;  30,2;  42,9;  41,7;;16J0905;;;;x;;16J0905;;;;x
Fundão;  37,8;-  0,63;-1,16;  0,53;  5,8;  17,4;  3,2;  1,2;  34,2;x;x;  32,8;  61,7;  41,2;;16J0504;;;;x;;16J0504;;;;x
Gouveia;  40,3;-  1,09;-1,59;  0,50;  5,1;  21,0;  2,7;  1,5;  33,7;x;x;  28,7;  67,7;  25,0;;16J0906;;;;x;;16J0906;;;;x
Guarda;  55,9;-  0,88;-0,65;-  0,23;  6,2;  12,7;  2,9;  1,5;  31,4;x;x;  37,8;  60,2;  52,6;;16J0907;;;;x;;16J0907;;;;x
Manteigas;  23,8;-  1,78;-1,71;-  0,07;  4,8;  21,9;  3,4;  1,7;  30,2;x;x;  29,4;  71,4;  50,0;;16J0908;;;;x;;16J0908;;;;x
Mêda;  15,9;-  1,27;-1,51;  0,24;  3,1;  18,1;  3,3;  0,7;  20,4;x;x;  28,3;  50,0;  53,3;;16J0909;;;;x;;16J0909;;;;x
Pinhel;  16,2;-  1,65;-1,86;  0,21;  3,8;  22,4;  2,1;  1,3;  26,2;x;x;  27,7;  40,0;  52,9;;16J0910;;;;x;;16J0910;;;;x
Sabugal;  13,6;-  1,63;-2,46;  0,83;  4,1;  28,7;  1,3;  1,2;  31,5;x;x;  24,9;  76,1;  46,7;;16J0911;;;;x;;16J0911;;;;x
Seia;  49,1;-  1,46;-1,51;  0,05;  4,0;  19,2;  2,5;  1,9;  24,3;x;x;  31,6;  56,3;  45,1;;16J0912;;;;x;;16J0912;;;;x
Trancoso;  22,9;-  1,32;-1,51;  0,19;  4,9;  20,0;  2,6;  1,6;  31,2;x;x;  30,0;  46,3;  59,1;;16J0913;;;;x;;16J0913;;;;x
  A. M. Lisboa;  961,7;  0,55;-0,11;  0,66;  9,8;  10,9;  3,5;  1,8;  43,7;  7,2;  1,62;  42,1;  62,1;  14,9;;170;;x;x;;;170;;x;x;
Alcochete;  153,6;  1,24;-0,12;  1,36;  8,2;  9,3;  7,4;  2,5;  35,0;x;x;  44,8;  60,6;  11,3;;1701502;;;;x;;1701502;;;;x
Almada; 2 546,1;  0,16;-0,29;  0,45;  9,6;  12,5;  2,7;  1,9;  44,7;x;x;  40,3;  63,5;  9,5;;1701503;;;;x;;1701503;;;;x
Amadora; 7 338,6;  0,78;0,04;  0,74;  10,6;  10,3;  1,0;  1,6;  46,8;x;x;  42,1;  67,9;  21,3;;1701115;;;;x;;1701115;;;;x
Barreiro; 2 166,9;  0,19;-0,37;  0,56;  9,2;  12,8;  4,6;  2,4;  42,8;x;x;  40,1;  68,3;  10,9;;1701504;;;;x;;1701504;;;;x
Cascais; 2 196,4;  0,02;-0,26;  0,29;  8,1;  10,7;  3,1;  2,0;  38,1;x;x;  39,6;  57,6;  7,1;;1701105;;;;x;;1701105;;;;x
Lisboa; 5 484,3;  0,65;-0,30;  0,95;  10,0;  13,1;  5,3;  1,5;  45,3;x;x;  41,5;  53,0;  18,8;;1701106;;;;x;;1701106;;;;x
Loures; 1 218,2;  0,50;0,03;  0,47;  10,7;  10,4;  2,9;  1,7;  48,1;x;x;  41,8;  64,7;  21,5;;1701107;;;;x;;1701107;;;;x
Mafra;  303,9;  0,80;0,00;  0,80;  9,0;  8,9;  5,0;  1,8;  38,2;x;x;  45,2;  57,3;  23,9;;1701109;;;;x;;1701109;;;;x
Moita; 1 226,1;  1,08;-0,07;  1,15;  10,7;  11,4;  3,1;  1,7;  48,5;x;x;  41,7;  75,5;  9,9;;1701506;;;;x;;1701506;;;;x
Montijo;  165,5;  1,38;-0,14;  1,52;  9,9;  11,2;  2,2;  1,8;  42,5;x;x;  45,2;  62,5;  11,2;;1701507;;;;x;;1701507;;;;x
Odivelas; 5 665,6;  0,83;0,19;  0,64;  11,6;  9,7;x;  1,6;  50,7;x;x;  43,1;  57,7;x;;1701116;;;;x;;1701116;;;;x
Oeiras; 3 765,1;  0,53;-0,23;  0,76;  8,4;  10,8;  3,8;  1,5;  39,1;x;x;  40,0;  56,6;  8,3;;1701110;;;;x;;1701110;;;;x
Palmela;  153,5;  1,62;-0,27;  1,89;  8,4;  11,1;  3,8;  2,0;  38,1;x;x;  42,7;  66,6;  11,2;;1701508;;;;x;;1701508;;;;x
Seixal; 1 778,9;  1,00;0,00;  1,00;  9,9;  9,9;  2,1;  2,0;  43,9;x;x;  42,4;  66,1;  15,3;;1701510;;;;x;;1701510;;;;x
Sesimbra;  277,3;  1,62;-0,14;  1,76;  9,4;  10,8;  6,0;  2,0;  41,7;x;x;  43,5;  66,1;  6,9;;1701511;;;;x;;1701511;;;;x
Setúbal;  532,0;-  0,47;-0,42;-  0,06;  8,4;  12,5;  7,4;  1,8;  39,0;x;x;  40,6;  68,4;  11,8;;1701512;;;;x;;1701512;;;;x
Sintra; 1 217,8;  0,39;0,18;  0,21;  10,6;  8,8;  3,0;  1,9;  45,1;x;x;  44,1;  67,7;  16,6;;1701111;;;;x;;1701111;;;;x
Vila Franca de Xira;  433,7;  0,23;0,04;  0,18;  9,3;  8,9;  1,9;  1,9;  39,9;x;x;  44,4;  64,7;  14,1;;1701114;;;;x;;1701114;;;;x
  Alentejo;  22,6;  0,16;-0,83;  1,00;  7,5;  15,9;  3,3;  1,6;  39,4;  12,1;  1,55;  37,1;  68,9;  28,2;;18;;x;;;;18;;x;;
   Alentejo Litoral;  18,7;  0,82;-0,60;  1,42;  8,0;  14,0;  2,7;  1,5;  43,6;  3,0;  1,67;  37,6;  66,5;  16,7;;181;;;x;;;181;;;x;
Alcácer do Sal;  7,4;-  0,72;-0,93;  0,21;  7,5;  16,8;  4,6;  2,3;  43,0;x;x;  33,7;  72,3;  22,4;;1811501;;;;x;;1811501;;;;x
Grândola;  16,9;-  0,17;-0,94;  0,77;  7,9;  17,3;  2,5;  1,7;  43,4;x;x;  37,1;  76,6;  12,1;;1811505;;;;x;;1811505;;;;x
Odemira;  18,3;  2,57;-0,46;  3,03;  7,6;  12,2;  1,4;  0,9;  43,4;x;x;  40,3;  49,4;  19,5;;1810211;;;;x;;1810211;;;;x
Santiago do Cacém;  26,5;  0,08;-0,69;  0,77;  8,0;  14,9;  3,3;  1,8;  43,3;x;x;  35,5;  74,4;  16,3;;1811509;;;;x;;1811509;;;;x
Sines;  71,6;  0,63;-0,14;  0,77;  9,3;  10,7;  3,3;  1,4;  44,8;x;x;  40,1;  71,9;  12,5;;1811513;;;;x;;1811513;;;;x
   Baixo Alentejo;  13,5;-  0,37;-1,00;  0,63;  8,1;  18,0;  2,9;  1,4;  44,0;  26,3;  1,72;  35,9;  72,3;  18,1;;184;;;x;;;184;;;x;
Aljustrel;  19,4;-  0,10;-0,81;  0,71;  8,9;  17,0;  1,1;  1,7;  50,6;x;x;  34,5;  78,5;  20,0;;1840201;;;;x;;1840201;;;;x
Almodôvar;  8,6;-  1,26;-1,40;  0,13;  6,8;  20,8;  2,7;  1,5;  39,9;x;x;  34,0;  71,7;  17,6;;1840202;;;;x;;1840202;;;;x
Alvito;  8,5;-  1,67;-2,11;  0,44;  7,0;  28,1;  3,5;  1,3;  34,0;x;x;  38,7;  62,5;  25,0;;1840203;;;;x;;1840203;;;;x
Barrancos;  8,7;-  2,77;-2,03;-  0,74;  7,4;  27,7;  2,7;  1,4;  41,6;x;x;  35,1;  81,8;  0,0;;1840204;;;;x;;1840204;;;;x
Beja;  29,2;-  0,42;-0,78;  0,37;  9,2;  17,0;  3,6;  1,5;  46,2;x;x;  38,9;  75,0;  23,1;;1840205;;;;x;;1840205;;;;x
Castro Verde;  12,2;  0,19;-0,81;  0,99;  7,3;  15,4;  2,3;  1,6;  39,1;x;x;  36,2;  66,7;  13,3;;1840206;;;;x;;1840206;;;;x
Cuba;  25,7;  0,43;-0,86;  1,29;  8,8;  17,4;  2,9;  1,1;  44,6;x;x;  38,9;  74,4;  15,4;;1840207;;;;x;;1840207;;;;x
Ferreira do Alentejo;  12,1;-  0,31;-1,61;  1,30;  5,8;  21,9;  4,1;  1,9;  33,0;x;x;  35,8;  84,4;  6,3;;1840208;;;;x;;1840208;;;;x
Mértola;  4,8;-  1,19;-1,77;  0,58;  3,9;  21,6;  2,7;  1,1;  26,1;x;x;  29,2;  62,5;  14,3;;1840209;;;;x;;1840209;;;;x
Moura;  13,9;-  0,07;-0,55;  0,48;  8,9;  14,4;  3,4;  1,2;  48,5;x;x;  35,5;  63,0;  17,8;;1840210;;;;x;;1840210;;;;x
Ourique;  7,3;-  0,12;-1,29;  1,16;  7,1;  19,9;  2,3;  1,0;  41,1;x;x;  33,4;  79,4;  27,3;;1840212;;;;x;;1840212;;;;x
Serpa;  12,4;-  0,31;-0,80;  0,49;  8,2;  16,2;  1,7;  1,2;  48,6;x;x;  33,5;  67,3;  17,4;;1840213;;;;x;;1840213;;;;x
Vidigueira;  16,5;  0,19;-1,32;  1,51;  8,6;  21,8;  2,9;  1,3;  46,9;x;x;  36,1;  73,3;  7,1;;1840214;;;;x;;1840214;;;;x
   Lezíria do Tejo;  56,9;  0,97;-0,65;  1,62;  7,7;  14,2;  3,6;  1,8;  38,4;  8,0;  1,53;  38,5;  65,9;  31,2;;185;;;x;;;185;;;x;
Almeirim;  101,5;  0,97;-0,55;  1,52;  8,0;  13,5;  2,9;  1,9;  38,9;x;x;  39,3;  66,1;  14,8;;1851403;;;;x;;1851403;;;;x
Alpiarça;  75,4;  1,32;-0,77;  2,09;  7,6;  15,3;  2,4;  2,2;  40,4;x;x;  36,0;  72,2;  18,8;;1851404;;;;x;;1851404;;;;x
Azambuja;  84,7;  1,18;-0,62;  1,80;  7,6;  13,8;  5,0;  2,2;  37,6;x;x;  40,5;  69,6;  23,6;;1851103;;;;x;;1851103;;;;x
Benavente;  60,4;  2,34;-0,05;  2,39;  9,4;  9,9;  3,3;  2,2;  41,4;x;x;  43,6;  58,2;  20,0;;1851405;;;;x;;1851405;;;;x
Cartaxo;  151,4;  0,99;-0,61;  1,60;  7,8;  14,0;  3,6;  1,7;  38,3;x;x;  39,2;  71,1;  11,8;;1851406;;;;x;;1851406;;;;x
Chamusca;  11,4;-  0,12;-1,25;  1,14;  5,5;  18,0;  1,2;  1,3;  31,2;x;x;  34,2;  66,0;  10,0;;1851407;;;;x;;1851407;;;;x
Coruche;  15,5;-  0,59;-1,49;  0,90;  5,6;  20,6;  2,0;  1,5;  33,9;x;x;  31,5;  66,3;  45,5;;1851409;;;;x;;1851409;;;;x
Golegã;  63,8;-  0,45;-1,22;  0,78;  6,9;  19,1;  16,7;  2,0;  35,3;x;x;  36,9;  73,0;  68,5;;1851412;;;;x;;1851412;;;;x
Rio Maior;  79,7;  0,87;-0,53;  1,40;  7,8;  13,1;  2,7;  1,8;  39,1;x;x;  39,0;  60,9;  39,3;;1851414;;;;x;;1851414;;;;x
Salvaterra de Magos;  93,4;  2,19;-0,76;  2,95;  7,1;  14,7;  3,2;  1,5;  36,1;x;x;  37,9;  73,1;  22,2;;1851415;;;;x;;1851415;;;;x
Santarém;  108,7;  0,46;-0,63;  1,09;  7,8;  14,1;  3,9;  1,7;  39,3;x;x;  37,7;  65,2;  37,6;;1851416;;;;x;;1851416;;;;x
   Alto Alentejo;  17,1;-  0,87;-1,20;  0,33;  6,7;  18,7;  2,8;  1,5;  36,6;  13,8;  1,46;  34,9;  74,3;  39,2;;186;;;x;;;186;;;x;
Alter do Chão;  8,7;  1,05;-1,56;  2,61;  7,3;  22,9;  1,9;  1,0;  41,6;x;x;  33,2;  60,9;  60,0;;1861201;;;;x;;1861201;;;;x
Arronches;  8,8;-  0,40;-1,40;  1,01;  8,3;  22,3;  1,8;  2,9;  49,4;x;x;  32,6;  60,9;  40,0;;1861202;;;;x;;1861202;;;;x
Avis;  6,2;-  1,10;-1,31;  0,21;  7,6;  20,8;  3,7;  1,6;  42,6;x;x;  34,2;  93,1;  42,9;;1861203;;;;x;;1861203;;;;x
Campo Maior;  32,2;-  0,96;-0,76;-  0,20;  7,6;  15,3;  1,9;  1,6;  36,8;x;x;  39,9;  85,2;  33,3;;1861204;;;;x;;1861204;;;;x
Castelo de Vide;  12,1;-  0,25;-1,81;  1,56;  4,7;  22,8;  2,5;  2,5;  27,8;x;x;  32,5;  73,3;  0,0;;1861205;;;;x;;1861205;;;;x
Crato;  8,2;  0,34;-1,60;  1,94;  6,5;  22,5;  4,9;  0,6;  44,4;x;x;  27,7;  61,9;  37,5;;1861206;;;;x;;1861206;;;;x
Elvas;  32,3;-  1,15;-1,05;-  0,09;  6,9;  17,4;  3,5;  1,5;  34,7;x;x;  37,8;  77,3;  47,1;;1861207;;;;x;;1861207;;;;x
Fronteira;  11,8;-  0,41;-1,36;  0,95;  6,4;  20,0;  5,1;  0,7;  34,6;x;x;  35,4;  89,5;  20,0;;1861208;;;;x;;1861208;;;;x
Gavião;  11,4;-  0,59;-2,17;  1,57;  3,9;  25,5;  6,2;  1,2;  26,4;x;x;  28,1;  53,8;  19,0;;1861209;;;;x;;1861209;;;;x
Marvão;  19,6;-  1,05;-2,03;  0,98;  4,9;  25,2;  1,3;  2,0;  27,4;x;x;  34,2;  93,3;  25,0;;1861210;;;;x;;1861210;;;;x
Monforte;  7,1;-  1,04;-1,81;  0,77;  7,0;  25,1;  1,0;  1,0;  35,7;x;x;  37,3;  81,0;  33,3;;1861211;;;;x;;1861211;;;;x
Nisa;  9,9;-  1,85;-2,30;  0,45;  5,7;  28,7;  1,7;  1,6;  40,5;x;x;  26,8;  69,7;  80,0;;1861212;;;;x;;1861212;;;;x
Ponte de Sor;  18,1;-  0,57;-0,83;  0,27;  7,8;  16,1;  2,2;  1,6;  44,0;x;x;  33,9;  74,6;  38,2;;1861213;;;;x;;1861213;;;;x
Portalegre;  49,2;-  1,13;-0,77;-  0,36;  6,5;  14,2;  2,9;  1,6;  34,2;x;x;  35,8;  63,9;  42,9;;1861214;;;;x;;1861214;;;;x
Sousel;  15,7;-  0,95;-1,59;  0,64;  5,5;  21,3;  1,8;  1,8;  29,1;x;x;  35,0;  91,7;  25,0;;1861215;;;;x;;1861215;;;;x
   Alentejo Central;  20,7;-  0,43;-0,90;  0,47;  7,2;  16,2;  3,6;  1,4;  37,2;  11,9;  1,46;  37,1;  69,4;  29,0;;187;;;x;;;187;;;x;
Alandroal;  9,2;-  0,54;-1,67;  1,14;  4,4;  21,1;  3,4;  0,8;  25,8;x;x;  33,4;  72,7;  17,6;;1870701;;;;x;;1870701;;;;x
Arraiolos;  9,9;  0,34;-1,43;  1,77;  5,6;  19,9;  4,2;  0,7;  30,4;x;x;  36,2;  73,7;  28,6;;1870702;;;;x;;1870702;;;;x
Borba;  44,1;-  0,93;-1,06;  0,12;  7,0;  17,6;  1,1;  2,3;  39,8;x;x;  34,4;  66,7;  42,9;;1870703;;;;x;;1870703;;;;x
Estremoz;  24,5;-  1,03;-1,11;  0,08;  7,0;  18,2;  3,6;  0,9;  38,4;x;x;  34,7;  65,2;  40,9;;1870704;;;;x;;1870704;;;;x
Évora;  41,0;-  0,48;-0,59;  0,11;  7,9;  13,7;  4,0;  1,6;  37,6;x;x;  39,7;  65,2;  30,4;;1870705;;;;x;;1870705;;;;x
Montemor-o-Novo;  12,9;-  0,81;-1,17;  0,36;  6,6;  18,3;  3,0;  1,6;  35,1;x;x;  36,0;  75,2;  6,4;;1870706;;;;x;;1870706;;;;x
Mora;  9,4;-  0,26;-1,79;  1,53;  4,1;  22,0;  1,7;  1,7;  25,3;x;x;  30,6;  88,2;  14,3;;1870707;;;;x;;1870707;;;;x
Mourão;  8,6;  0,46;-0,92;  1,38;  10,0;  19,2;  5,0;  1,3;  56,1;x;x;  36,4;  87,5;  25,0;;1870708;;;;x;;1870708;;;;x
Portel;  9,5;-  0,54;-0,85;  0,31;  8,0;  16,5;  1,9;  1,0;  42,5;x;x;  36,8;  80,4;  20,0;;1870709;;;;x;;1870709;;;;x
Redondo;  17,0;-  0,38;-0,99;  0,61;  8,0;  17,8;  2,2;  1,3;  42,3;x;x;  36,6;  82,0;  21,4;;1870710;;;;x;;1870710;;;;x
Reguengos de Monsaraz;  21,1;-  0,70;-1,08;  0,38;  7,3;  18,1;  3,8;  1,6;  38,1;x;x;  37,3;  75,0;  19,4;;1870711;;;;x;;1870711;;;;x
Vendas Novas;  51,4;  0,54;-0,59;  1,13;  8,4;  14,3;  4,5;  1,3;  43,9;x;x;  36,9;  61,5;  32,0;;1870712;;;;x;;1870712;;;;x
Viana do Alentejo;  14,0;  0,99;-0,95;  1,94;  6,6;  16,1;  3,3;  1,3;  34,2;x;x;  37,0;  66,7;  44,4;;1870713;;;;x;;1870713;;;;x
Vila Viçosa;  37,5;-  0,90;-0,78;-  0,12;  5,3;  13,1;  5,6;  0,8;  28,6;x;x;  35,7;  69,2;  45,0;;1870714;;;;x;;1870714;;;;x
  Algarve;  94,5;  0,43;-0,38;  0,80;  8,6;  12,4;  4,1;  1,8;  41,8;  10,1;  1,61;  40,0;  68,2;  13,8;;150;;x;x;;;150;;x;x;
Albufeira;  321,1;  1,03;0,04;  0,99;  9,7;  9,3;  5,8;  1,9;  43,2;x;x;  43,7;  60,6;  10,7;;1500801;;;;x;;1500801;;;;x
Alcoutim;  4,3;-  2,21;-3,14;  0,93;  3,6;  35,0;  12,5;  1,6;  27,9;x;x;  25,2;  66,7;  3,2;;1500802;;;;x;;1500802;;;;x
Aljezur;  19,1;  0,08;-0,67;  0,75;  9,9;  16,5;  7,8;  0,6;  51,8;x;x;  38,1;  70,5;  0,0;;1500803;;;;x;;1500803;;;;x
Castro Marim;  22,2;  1,42;-0,82;  2,23;  7,2;  15,4;  10,4;  2,0;  41,8;x;x;  34,2;  87,5;  29,0;;1500804;;;;x;;1500804;;;;x
Faro;  336,6;  0,49;-0,23;  0,72;  8,7;  11,0;  1,9;  2,1;  39,8;x;x;  41,6;  67,6;  21,0;;1500805;;;;x;;1500805;;;;x
Lagoa;  274,8;  0,76;-0,46;  1,21;  7,9;  12,5;  2,5;  1,4;  38,9;x;x;  39,6;  75,4;  20,0;;1500806;;;;x;;1500806;;;;x
Lagos;  157,3;-  0,21;-0,40;  0,19;  8,4;  12,4;  6,7;  1,3;  42,8;x;x;  38,2;  70,3;  9,6;;1500807;;;;x;;1500807;;;;x
Loulé;  94,9;  0,15;-0,39;  0,55;  8,6;  12,6;  4,4;  1,5;  41,6;x;x;  39,9;  66,7;  17,8;;1500808;;;;x;;1500808;;;;x
Monchique;  13,6;-  1,22;-1,45;  0,22;  6,3;  20,8;  7,6;  1,1;  40,0;x;x;  31,7;  82,4;  34,2;;1500809;;;;x;;1500809;;;;x
Olhão;  340,7;-  0,08;-0,45;  0,36;  8,5;  13,0;  1,6;  2,0;  40,4;x;x;  41,0;  75,0;  13,2;;1500810;;;;x;;1500810;;;;x
Portimão;  334,4;  0,99;-0,06;  1,06;  10,5;  11,1;  2,3;  2,3;  48,4;x;x;  41,5;  65,5;  11,9;;1500811;;;;x;;1500811;;;;x
São Brás de Alportel;  74,5;  0,59;-0,54;  1,13;  6,6;  12,0;  24,1;  1,8;  32,5;x;x;  39,2;  69,3;  7,8;;1500812;;;;x;;1500812;;;;x
Silves;  56,7;  0,89;-0,54;  1,43;  8,3;  13,6;  2,0;  1,4;  41,1;x;x;  39,6;  70,0;  7,9;;1500813;;;;x;;1500813;;;;x
Tavira;  45,3;-  0,07;-0,71;  0,64;  6,8;  13,9;  2,7;  1,7;  38,6;x;x;  35,0;  64,4;  33,3;;1500814;;;;x;;1500814;;;;x
Vila do Bispo;  32,4;-  0,10;-0,62;  0,52;  9,0;  15,2;  10,5;  1,6;  46,7;x;x;  37,2;  76,9;  0,0;;1500815;;;;x;;1500815;;;;x
Vila Real de Santo António;  310,1;  0,39;-0,59;  0,98;  7,5;  13,4;  2,9;  1,8;  37,7;x;x;  38,3;  66,2;  15,1;;1500816;;;;x;;1500816;;;;x
 R. A. Açores;  103,3;  0,48;-0,27;  0,75;  8,6;  11,3;  3,8;  2,4;  36,5;  10,9;  1,34;  46,2;  57,7;  27,3;;200;x;x;x;;;200;x;x;x;
  Santa Maria;  56,7;  0,13;-0,57;  0,69;  6,9;  12,6;  1,8;  1,6;  29,8;x;x;  44,9;  86,8;  30,0;;-;;;;;;-;;;;
Vila do Porto;  56,7;  0,13;-0,57;  0,69;  6,9;  12,6;  1,8;  1,6;  29,8;x;x;  44,9;  86,8;  30,0;;2004101;;;;x;;2004101;;;;x
  São Miguel;  182,3;  0,75;-0,06;  0,81;  9,3;  9,9;  4,0;  2,7;  37,5;x;x;  48,4;  57,7;  23,6;;-;;;;;;-;;;;
Lagoa (R.A.A.);  322,7;  1,72;0,05;  1,67;  9,4;  8,8;  9,1;  2,3;  36,8;x;x;  50,1;  62,0;  10,2;;2004201;;;;x;;2004201;;;;x
Nordeste;  43,7;-  0,09;-0,97;  0,88;  7,4;  17,1;  4,7;  2,0;  35,1;x;x;  41,9;  60,6;  20,0;;2004202;;;;x;;2004202;;;;x
Ponta Delgada;  293,2;  0,69;-0,08;  0,77;  9,1;  9,9;  3,2;  3,3;  36,8;x;x;  47,7;  60,2;  28,4;;2004203;;;;x;;2004203;;;;x
Povoação;  55,2;  0,02;-0,90;  0,92;  6,1;  15,1;  3,4;  2,2;  26,9;x;x;  44,7;  44,4;  26,3;;2004204;;;;x;;2004204;;;;x
Ribeira Grande;  177,8;  0,87;0,26;  0,61;  10,9;  8,3;  3,3;  2,1;  42,5;x;x;  51,0;  53,7;  30,5;;2004205;;;;x;;2004205;;;;x
Vila Franca do Campo;  133,1;  0,14;-0,21;  0,35;  8,0;  10,1;  4,9;  1,5;  33,4;x;x;  48,1;  53,0;  23,5;;2004206;;;;x;;2004206;;;;x
  Terceira;  133,8;  0,04;-0,48;  0,52;  7,8;  12,6;  4,0;  2,2;  34,6;x;x;  43,7;  51,4;  33,7;;-;;;;;;-;;;;
Angra do Heroísmo;  141,8;-  0,07;-0,52;  0,45;  7,8;  13,0;  4,8;  1,9;  34,5;x;x;  43,6;  52,7;  35,0;;2004301;;;;x;;2004301;;;;x
Vila da Praia da Vitória;  122,0;  0,24;-0,40;  0,64;  7,8;  11,8;  2,6;  2,6;  34,8;x;x;  43,9;  49,4;  29,4;;2004302;;;;x;;2004302;;;;x
  Graciosa;  67,8;  0,07;-0,63;  0,71;  10,0;  16,3;  1,7;  2,4;  46,9;x;x;  42,1;  75,6;  57,1;;-;;;;;;-;;;;
Santa Cruz da Graciosa;  67,8;  0,07;-0,63;  0,71;  10,0;  16,3;  1,7;  2,4;  46,9;x;x;  42,1;  75,6;  57,1;;2004401;;;;x;;2004401;;;;x
  São Jorge;  34,7;-  0,04;-0,80;  0,77;  7,7;  15,7;  2,2;  1,8;  36,3;x;x;  42,0;  63,1;  21,1;;-;;;;;;-;;;;
Calheta (R.A.A.);  27,8;-  0,09;-0,94;  0,85;  8,0;  17,4;  0,9;  2,0;  38,9;x;x;  40,6;  67,9;  33,3;;2004501;;;;x;;2004501;;;;x
Velas;  42,2;  0,00;-0,71;  0,71;  7,5;  14,5;  3,2;  1,6;  34,6;x;x;  43,0;  59,5;  18,8;;2004502;;;;x;;2004502;;;;x
  Pico;  32,0;  0,60;-0,68;  1,28;  7,9;  14,7;  4,4;  2,4;  36,4;x;x;  42,4;  57,1;  29,0;;-;;;;;;-;;;;
Lajes do Pico;  28,2;-  0,46;-0,93;  0,48;  6,8;  16,2;  3,4;  2,7;  32,7;x;x;  40,7;  56,7;  13,3;;2004601;;;;x;;2004601;;;;x
Madalena;  44,1;  0,62;-0,73;  1,35;  8,4;  15,6;  5,0;  2,3;  37,0;x;x;  44,3;  51,9;  40,6;;2004602;;;;x;;2004602;;;;x
São Roque do Pico;  23,6;  1,96;-0,27;  2,23;  8,4;  11,1;  4,5;  2,1;  40,1;x;x;  40,9;  67,9;  20,0;;2004603;;;;x;;2004603;;;;x
  Faial;  83,3;-  0,04;-0,41;  0,37;  7,8;  11,9;  3,7;  1,5;  34,7;x;x;  43,4;  58,9;  35,8;;-;;;;;;-;;;;
Horta;  83,3;-  0,04;-0,41;  0,37;  7,8;  11,9;  3,7;  1,5;  34,7;x;x;  43,4;  58,9;  35,8;;2004701;;;;x;;2004701;;;;x
  Flores;  24,9;  0,34;-0,77;  1,12;  5,7;  13,4;  2,6;  2,0;  26,0;x;x;  44,5;  65,0;  20,0;;-;;;;;;-;;;;
Lajes das Flores;  20,5;  1,26;-0,63;  1,89;  7,0;  13,3;  2,1;  0,7;  33,1;x;x;  43,9;  50,0;  0,0;;2004801;;;;x;;2004801;;;;x
Santa Cruz das Flores;  29,2;-  0,29;-0,87;  0,58;  4,8;  13,5;  3,4;  2,9;  21,4;x;x;  44,9;  80,0;  28,6;;2004802;;;;x;;2004802;;;;x
  Corvo;  25,2;  4,50;0,47;  4,02;  9,5;  4,7;  2,4;  2,4;  44,9;x;x;  43,8;  100,0;  100,0;;-;;;;;;-;;;;
Corvo;  25,2;  4,50;0,47;  4,02;  9,5;  4,7;  2,4;  2,4;  44,9;x;x;  43,8;  100,0;  100,0;;2004901;;;;x;;2004901;;;;x
 R. A. Madeira;  316,1;  0,22;-0,53;  0,76;  6,9;  12,3;  4,5;  2,2;  31,9;  3,6;  1,25;  40,9;  62,3;  28,1;;300;x;x;x;;;300;x;x;x;
Calheta (R.A.M.);  98,3;-  0,05;-1,15;  1,09;  7,0;  18,5;  6,9;  2,1;  36,2;x;x;  36,0;  50,6;  21,1;;3003101;;;;x;;3003101;;;;x
Câmara de Lobos;  621,4;  0,21;-0,14;  0,35;  8,3;  9,7;  2,8;  2,0;  35,3;x;x;  45,0;  71,5;  37,8;;3003102;;;;x;;3003102;;;;x
Funchal; 1 396,3;  0,03;-0,58;  0,61;  6,8;  12,6;  4,6;  2,0;  32,3;x;x;  39,1;  61,9;  35,8;;3003103;;;;x;;3003103;;;;x
Machico;  285,8;-  0,56;-0,72;  0,16;  5,4;  12,6;  4,4;  1,9;  26,6;x;x;  39,1;  59,4;  29,1;;3003104;;;;x;;3003104;;;;x
Ponta do Sol;  184,1;  0,52;-0,77;  1,28;  6,0;  13,7;  6,5;  2,5;  27,5;x;x;  40,8;  58,8;  23,1;;3003105;;;;x;;3003105;;;;x
Porto Moniz;  30,1;  0,24;-1,32;  1,56;  5,2;  18,4;  18,0;  1,2;  27,9;x;x;  33,5;  46,2;  2,4;;3003106;;;;x;;3003106;;;;x
Ribeira Brava;  196,4;  0,20;-0,83;  1,04;  5,5;  13,9;  4,4;  2,1;  24,8;x;x;  40,9;  50,7;  30,9;;3003107;;;;x;;3003107;;;;x
Santa Cruz;  534,0;  1,05;-0,12;  1,17;  7,9;  9,2;  3,8;  2,8;  32,6;x;x;  46,5;  65,0;  15,8;;3003108;;;;x;;3003108;;;;x
Santana;  67,6;-  1,16;-1,22;  0,06;  6,3;  18,5;  4,2;  2,0;  35,3;x;x;  32,8;  46,3;  15,4;;3003109;;;;x;;3003109;;;;x
São Vicente;  61,6;-  0,08;-1,09;  1,01;  4,7;  15,6;  3,5;  2,3;  25,9;x;x;  34,1;  43,5;  6,3;;3003110;;;;x;;3003110;;;;x
Porto Santo;  125,3;  2,60;-0,44;  3,03;  7,4;  11,7;  6,8;  2,8;  34,6;x;x;  41,5;  71,8;  19,4;;3003201;;;;x;;3003201;;;;x
;Population density;Crude rate of increase;Crude rate of natural increase;Crude migratory rate;Crude birth rate;Crude death rate;Crude marriage rate;Crude divorce rate;General fertility rate;Teenage fertility rate;Total fertility rate;Women in childbearing age within female resident population ;Live births outside marriage;Proportion of catholic marriages;;;;;;;;;;;;
;No./km2;%;;;‰;;;;;;No.;%;;;;;;;;;;;;;;
© INE, I.P., Portugal, 2023. Informação disponível até 16 de outubro de 2023. Information available till 16th October, 2023.;;;;;;;;;;;;;;;;;;;;;;;;;;
Fonte: INE, I.P., Indicadores Demográficos e Estimativas Anuais da População Residente.;;;;;;;;;;;;;;;;;;;;;;;;;;
Source: Statistics Portugal, Demographic Indicators and Annual Estimates of Resident Population.;;;;;;;;;;;;;;;;;;;;;;;;;;
"Nota: Não se apresentam os dados da taxa bruta de nupcialidade e proporção de casamentos católicos para o município de Odivelas devido à inexistência de Conservatória de Registo Civil neste município.
";;;;;;;;;;;;;;;;;;;;;;;;;;
"Note: The crude marriage rate and proportion of catholic marriages for Odivelas are not available due to the non-existence of Civil Register Offices in that municipality.                                                                                                                                                                                         
";;;;;;;;;;;;;;;;;;;;;;;;;;
;;;;;;;;;;;;;;;;;;;;;;;;;;
Para mais informação consulte / For more information see:;;;;;;;;;;;;;;;;;;;;;;;;;;
http://www.ine.pt/xurl/ind/0008337;;http://www.ine.pt/xurl/ind/0008264;;;http://www.ine.pt/xurl/ind/0008276;;;http://www.ine.pt/xurl/ind/0008216;;;;;;;;;;;;;;;;;;
http://www.ine.pt/xurl/ind/0008262;;http://www.ine.pt/xurl/ind/0008265;;;http://www.ine.pt/xurl/ind/0008275;;;http://www.ine.pt/xurl/ind/0008209;;;;;;;;;;;;;;;;;;
http://www.ine.pt/xurl/ind/0008263;;http://www.ine.pt/xurl/ind/0008283;;;http://www.ine.pt/xurl/ind/0008274;;;;;;;;;;;;;;;;;;;;;
http://www.ine.pt/xurl/ind/0008253;;http://www.ine.pt/xurl/ind/0008300;;;http://www.ine.pt/xurl/ind/0008254;;;;;;;;;;;;;;;;;;;;;
;;;;;;;;;;;;;;;;;;;;;;;;;;
;;;;;;;;;;;;;;;;;;;;;;;;;;
;;;;;;;;;;;;;;;;;;;;;;;;;;
